adherent;solde_ouverture_excel_fcfa;mouvements_compte_2026_fcfa;solde_final_excel_fcfa;correction_proposee_fcfa;solde_final_reprise_fcfa;dette_finale_fcfa;avoir_final_fcfa;controle
ALLARD;5000;-20000;-15000;0;-15000;15000;0;CONFORME
ANDREA;-12800;-2000;-14800;0;-14800;14800;0;CONFORME
BARBARAT;0;0;0;0;0;0;0;CONFORME
BERANTO;0;0;0;0;0;0;0;CONFORME
BOLLIET;0;-30000;-30000;0;-30000;30000;0;CONFORME
BUREL;-12500;10000;-2500;0;-2500;2500;0;CONFORME
BURY;0;-10000;-10000;0;-10000;10000;0;CONFORME
CABELLO;-15000;15000;0;0;0;0;0;CONFORME
CHAILLOT;0;0;0;0;0;0;0;CONFORME
DEPERROIS;-1790;146000;141210;3000;144210;0;144210;CONFORME : correction +3 000 validée, fusion remboursement lignes 1060/1061
LE CAM;3500;-3000;-29500;30000;500;0;500;CONFORME
LE DOUX;4000;0;4000;0;4000;0;4000;CONFORME
MBA ANGOUE;0;5000;5000;0;5000;0;5000;CONFORME
MOIRE;-10000;10000;0;0;0;0;0;CONFORME
PARE;30;17800;20830;-3000;17830;0;17830;CONFORME
PENNACCHI;11500;-10000;1500;0;1500;0;1500;CONFORME
PESTOU;0;0;0;0;0;0;0;CONFORME
PROVOT;0;0;0;0;0;0;0;CONFORME
RAMAHOLISON;0;0;0;0;0;0;0;CONFORME
ZADIR;0;-30000;-30000;0;-30000;30000;0;CONFORME
ZWANG;0;15000;15000;0;15000;0;15000;CONFORME
