nom_excel;fiche_existante_candidate;identifiant_candidat;decision;situation_connue
ALLARD;;;Fiche absente, à créer après validation;Statut futur à vérifier lors de création
ANDREA;;;Fiche absente, à créer après validation;Statut futur à vérifier lors de création
BARBARAT;;;Fiche absente, à créer après validation;Stage sur une partie de la période
BERANTO;;;Fiche absente, à créer après validation;Pause
BOLLIET;;;Fiche absente, à créer après validation;Pause
BUREL;;;Fiche absente, à créer après validation;Statut futur à vérifier lors de création
BURY;;;Fiche absente, à créer après validation;Statut futur à vérifier lors de création
CABELLO;;;Fiche absente, à créer après validation;Statut futur à vérifier lors de création
CHAILLOT;;;Fiche absente, à créer après validation;Arrivée récente
DEPERROIS;DEPERROIS;administrator;"Correspondance validée ; nom vérifié dans Firestore ; conserver administrator";Statut futur à vérifier lors de création
LE CAM;;;Fiche absente, à créer après validation;Statut futur à vérifier lors de création
LE DOUX;;;Fiche absente, à créer après validation;Statut futur à vérifier lors de création
MBA ANGOUE;;;Fiche absente, à créer après validation;Stage sur une partie de la période
MOIRE;;;Fiche absente, à créer après validation;Statut futur à vérifier lors de création
PARE;;;Fiche absente, à créer après validation;Statut futur à vérifier lors de création
PENNACCHI;;;Fiche absente, à créer après validation;Statut futur à vérifier lors de création
PESTOU;;;Fiche absente, à créer après validation;Pause
PROVOT;;;Fiche absente, à créer après validation;Pause
RAMAHOLISON;;;Fiche absente, à créer après validation;Pause
ZADIR;;;Fiche absente, à créer après validation;Statut futur à vérifier lors de création
ZWANG;;;Fiche absente, à créer après validation;Statut futur à vérifier lors de création
